{
    "rmse": 0.6945478222026354,
    "mae": 0.551967876036262,
    "r2": 0.26843088060900255
}